<?xml version="1.0" encoding="UTF-8"?>
<beans xmlns="http://www.springframework.org/schema/beans"
	xmlns:xsi="http://www.w3.org/2001/XMLSchema-instance" xmlns:context="http://www.springframework.org/schema/context"
	xmlns:p="http://www.springframework.org/schema/p"
	xsi:schemaLocation="http://www.springframework.org/schema/beans
    http://www.springframework.org/schema/beans/spring-beans.xsd
    http://www.springframework.org/schema/context
    http://www.springframework.org/schema/context/spring-context.xsd">

	<context:component-scan base-package="com.jspiders.firstproject.mvc"/>
	
	<bean name="dataSource" class="org.springframework.jdbc.datasource.DriverManagerDataSource"
	p:driverClassName="com.mysql.cj.jdbc.Driver" p:url="jdbc:mysql://localhost:3306/springdatabase" 
	p:username="root" p:password="root"/>
	
	<bean name="jdbcTemplate" class="org.springframework.jdbc.core.JdbcTemplate"
	p:dataSource-ref="dataSource"/>
	
	<bean name="userDAO" class="com.jspiders.firstproject.mvc.UserDAO"
	p:jdbc-ref="jdbcTemplate"/>
	
	<bean name="user" class="com.jspiders.firstproject.mvc.User"/>
	
	<bean name="viewResolver" class="org.springframework.web.servlet.view.InternalResourceViewResolver">
	<property name="prefix">
	<value>/WEB-INF/views/</value>
	</property>
	
	<property name="suffix">
	<value>.jsp</value>
	</property>
	</bean>

</beans>